antecedents,consequents,antecedent support,consequent support,support,confidence,lift,representativity,leverage,conviction,zhangs_metric,jaccard,certainty,kulczynski
frozenset({'85123A'}),frozenset({21733}),0.13317058452423403,0.04410675590421593,0.03118742628301835,0.2341915550978373,5.309652689180257,1.0,0.025313703817786203,1.2482145508566518,0.9363592765495787,0.21348103642508448,0.1988556780453343,0.4706405536683216
frozenset({21733}),frozenset({'85123A'}),0.04410675590421593,0.13317058452423403,0.03118742628301835,0.7070895522388059,5.309652689180257,1.0,0.025313703817786203,2.9593666668472,0.8491154942041318,0.21348103642508448,0.6620898615900939,0.4706405536683216
